{"cameraMode":{"drawMode":0,"name":"Shaded","section":"Shading Mode"},"sceneLighting":false,"audioPlay":false,"sceneViewState":{"showFog":true,"showMaterialUpdate":false,"showSkybox":true,"showFlares":true,"showImageEffects":true,"showParticleSystems":true},"in2DMode":false,"pivot":{"x":-4.427179336547852,"y":0.9383063912391663,"z":-1.7218215465545655},"rotation":{"x":-0.07400089502334595,"y":0.5881218314170837,"z":-0.05416279658675194,"w":-0.8035564422607422},"size":7.435331344604492,"orthographic":false}